{"cameraMode":{"drawMode":0,"name":"Shaded","section":"Shading Mode"},"sceneLighting":false,"audioPlay":false,"sceneViewState":{"m_AlwaysRefresh":false,"showFog":true,"showSkybox":false,"showFlares":true,"showImageEffects":true,"showParticleSystems":true,"showVisualEffectGraphs":true,"m_FxEnabled":true},"in2DMode":false,"pivot":{"x":0.01356747467070818,"y":0.004912376403808594,"z":0.08985698223114014},"rotation":{"x":-0.010320167988538742,"y":-0.6804701089859009,"z":0.7326560616493225,"w":-0.009597021155059338},"size":1.0667333602905274,"orthographic":false}