{"cameraMode":{"drawMode":0,"name":"Shaded","section":"Shading Mode"},"sceneLighting":false,"audioPlay":false,"sceneViewState":{"m_AlwaysRefresh":false,"showFog":true,"showSkybox":false,"showFlares":true,"showImageEffects":true,"showParticleSystems":true,"showVisualEffectGraphs":true,"m_FxEnabled":true},"in2DMode":false,"pivot":{"x":-0.05061596259474754,"y":-0.3485150933265686,"z":5.58776330947876},"rotation":{"x":0.030712682753801347,"y":0.7707686424255371,"z":-0.037267621606588367,"w":0.6353087425231934},"size":0.007999765686690808,"orthographic":false}