{"cameraMode":{"drawMode":0,"name":"Shaded","section":"Shading Mode"},"sceneLighting":true,"audioPlay":false,"sceneViewState":{"m_AlwaysRefresh":false,"showFog":true,"showSkybox":true,"showFlares":true,"showImageEffects":true,"showParticleSystems":true,"showVisualEffectGraphs":true,"m_FxEnabled":true},"in2DMode":false,"pivot":{"x":467.7184143066406,"y":271.10614013671877,"z":162.99456787109376},"rotation":{"x":0.05839371308684349,"y":0.010865711607038975,"z":-0.0006673879688605666,"w":0.9982351064682007},"size":392.6541442871094,"orthographic":false}