{"Pins":[{"V3":{"x":-24.526409149169923,"y":0.010111423209309578,"z":-2.457794666290283},"leType":"ThrowablePin2"},{"V3":{"x":-11.789146423339844,"y":0.09589152038097382,"z":-3.0172317028045656},"leType":"ThrowablePin2"},{"V3":{"x":-10.504480361938477,"y":0.0076845064759254459,"z":-5.987714767456055},"leType":"ThrowablePin2"}]}