{"Pins":[{"V3":{"x":-0.046457476913928989,"y":-0.359566867351532,"z":0.034533172845840457},"leType":"ContaminationPin2"},{"V3":{"x":0.02987043932080269,"y":-0.367662250995636,"z":0.02655726671218872},"leType":"SpawnPin2"}]}