{"Pins":[{"V3":{"x":-0.0854245126247406,"y":-0.3497045338153839,"z":0.005844916217029095},"leType":"ContaminationPin2"},{"V3":{"x":-0.11565721035003662,"y":-0.3493773341178894,"z":-0.0035033710300922395},"leType":"SpawnPin2"}]}