{"Pins":[{"V3":{"x":-22.315868377685548,"y":0.009998751804232598,"z":8.628613471984864},"leType":"ContaminationPin2"},{"V3":{"x":-19.908241271972658,"y":0.011225540190935135,"z":4.217230796813965},"leType":"SpawnPin2"}]}