{"Pins":[{"V3":{"x":0.14818722009658814,"y":-0.35372501611709597,"z":-0.02270960994064808},"leType":"ThrowablePin2"},{"V3":{"x":0.10671214014291763,"y":-0.3952381908893585,"z":-0.022937234491109849},"leType":"SpawnPin2"},{"V3":{"x":0.04481515288352966,"y":-0.406476765871048,"z":0.014905966818332672},"leType":"ContaminationPin2"}]}