{"cameraMode":{"drawMode":0,"name":"Shaded","section":"Shading Mode"},"sceneLighting":false,"audioPlay":false,"sceneViewState":{"m_AlwaysRefresh":false,"showFog":true,"showSkybox":false,"showFlares":true,"showImageEffects":true,"showParticleSystems":true,"showVisualEffectGraphs":true,"m_FxEnabled":true},"in2DMode":false,"pivot":{"x":-0.055494505912065509,"y":-0.3475800156593323,"z":5.590000152587891},"rotation":{"x":-0.05117875710129738,"y":-0.06503148376941681,"z":0.0033635019790381195,"w":-0.9965827465057373},"size":0.0036742801312357189,"orthographic":false}