{"cameraMode":{"drawMode":0,"name":"Shaded","section":"Shading Mode"},"sceneLighting":false,"audioPlay":false,"sceneViewState":{"m_AlwaysRefresh":false,"showFog":true,"showSkybox":false,"showFlares":true,"showImageEffects":true,"showParticleSystems":true,"showVisualEffectGraphs":true,"m_FxEnabled":true},"in2DMode":false,"pivot":{"x":-0.054242093116045,"y":-0.34887343645095827,"z":5.58725643157959},"rotation":{"x":0.0073159667663276199,"y":-0.8917164206504822,"z":-0.014441823586821556,"w":-0.4523414075374603},"size":0.004666335880756378,"orthographic":false}